0,659900240957104;-0,0768281273970364;-1,39087413212963;-1,4504986821401;1,1922490296552;1,27373796780623;-2,40428566136746;-0,675956183010078;1,1415894019939;1,57032525293779;-0,916333193702352;2,37994292111786;-0,375568001076083;-0,360186968410215;-1,13205345536908;-0,228480222285384;-0,567877465141757;0,149822642723263;-0,53753339195503;-0,616448660541419;-2,91381972616119;-0,312612505326537;-0,37425857619271;1,07102390387549;-0,365691545330902;-0,584131264765492;0,617143037291209;0,970708539305049;1,06214489030191;-0,486192517007223;-0,335034768500368;0,323740541821438;1,23627348714466;0,926784087782789;1,27133848665612;-1,97245035643102;0,584462232783739;-1,40199713704016;0,788896402842406;1,55928074198239;-0,758091815853582;-0,604517550445444;-2,2854606471511;-0,958664068426596;1,02591832688459;0,0338989891803867;1,15176437721071;0,255265759963393;0,196696893781866;-0,490050250870317;0,0591303443997323;0,34075533668671;-0,145307663655313;0,787889909756259;0,933018968451595;0,828959617887263;1,75278828897146;1,14027714452292;-0,960088167249056;-0,746757581791801;-0,520086243731087;0,244201041756811;-0,665831191701606;0,113955365583532;-0,727740020095829;1,25785849903678;0,559294090988708;1,22578603402222;-0,848268546455866;0,346476937140339;-1,06106654216395;-0,212018622640406;
0,563322353143397;-1,53189785956378;-0,459605173228726;-0,38807141444889;-2,52570761782373;0,0866609234360223;-1,91146190334146;0,588927548597553;-1,64551372930203;0,18406188958599;0,0463118452355868;0,0269772558516182;0,400568067736591;-0,531051599055396;1,46853197948318;1,89079351824959;-0,363278084653168;0,57492287415893;-0,32480789890665;-0,591019439940123;-1,4334141801688;0,677212936150095;1,24773786199982;-1,84909826528046;0,225557187745258;-0,544230262869405;0,211708346939596;0,0778684457803579;2,19373700949571;-0,125383497522647;-0,332830627407205;-1,04265303757365;-0,0138366586837129;0,878031872034042;-1,90793826526688;0,343232832191944;1,38962557294219;0,205163052120053;1,74125886614702;-0,393670531704665;-1,80847651871994;-2,35528269878466;1,08686249587505;-0,352448805570223;-0,0853288672628937;0,474503798482623;2,13134786640884;0,328759790725905;-0,427666493224644;-1,28178935260895;-0,687802397341272;0,565487065812645;-0,840075887519059;-0,727986264276206;-0,981001433981701;-0,549761636949619;0,916150365868973;0,920925019031352;-0,616710745868792;0,829683963374419;-0,433372034220969;-0,875442164789548;-0,417078253965944;-1,52522199855811;-1,63142349681721;-0,659354132460159;-0,272634776974249;0,49674573525308;-1,16332902495912;-1,1643097945368;-0,2728558975235;0,971559608701502;
0,777541250324972;-1,31495047333524;-0,537683419097276;-0,772805490528765;-0,80976603498171;0,0526088952119263;0,715663909829604;-0,609101284429255;-1,11035612177984;-1,03071428422565;1,93529076604506;-0,558503108632685;0,463875279229687;-1,47259934949718;1,0177821747704;-0,241979794873319;0,61566493887062;0,0290730639013293;0,854383084098502;2,35737356657744;1,26226590871387;0,568945222423565;-0,416125951952281;-0,309205220590655;-0,786894459948684;-1,22963292642608;-0,827983542419095;-0,717736388912542;-0,924079367982374;-1,4632190033337;-0,309032335619263;2,27217253798249;-0,00277287508374926;-0,358180772137401;-0,796953811725174;1,42651371709777;0,583305038488757;-0,0259109462485769;-0,348188997010069;-0,280858087065685;0,73108489595871;-0,194104727044446;-0,038329829737404;-0,841396508960584;2,42788758396153;-1,30067393999956;2,61458233624891;-0,690548232896649;1,34625118011349;-0,187433661393149;1,25831550605486;-0,495462844273067;1,0166207596564;2,70334042675478;0,0474092816252039;-0,52319270938454;-0,818498435836627;-1,3302524898356;0,443666858576346;0,968681896476758;0,981059001083142;-0,104592848293417;0,5929883176672;-0,540134265087257;0,268849789706306;-0,42310488778843;0,0617420532057707;1,02954180933104;-1,20055959871707;-0,27722219035784;0,222894071873296;0,0409928432875092;
-0,1425924173245;1,74125978741506;-0,463078913821191;0,524180323353633;-0,522858902625833;-0,914149274242919;-0,973647418639918;0,484563259774125;0,204803101928388;-0,433294422489361;-1,96586625182113;-0,703184029248216;0,948609158614969;1,20026719493588;-0,986795307027363;1,72532206598778;-0,31729854915401;1,5691878633582;-0,117410057983319;-0,85854418907579;-0,878409765907928;-0,358555687658356;-0,813213871133529;-0,727722867768505;0,882999486501762;0,0962638385733194;-1,14777785521114;-0,241557882050434;0,0594841061567352;-1,9637550482174;0,415903749309109;0,334723318726559;0,18124162545166;-0,0726941860267529;-0,132179127109215;0,269709609701127;-0,464923839972827;1,42617430134984;-0,735254873082576;-0,063142057185065;-0,025177682326168;-0,538742235250336;-0,977907564196771;-0,6295517232839;0,686567742918276;-0,0454937830679871;-0,639198959539218;-0,542303440372714;-0,208973831221763;-1,04978671708736;-1,56506892225619;-0,0414233255455569;-0,79191402195512;-0,69391100536758;-0,461847034736024;-0,0660506014087274;-0,92241170937685;0,432020515230178;-0,503895598912731;0,442397403989824;-1,15157384177772;0,236719632339917;-2,0794765910805;-0,257604965092937;-0,955172963376952;-0,340732476901549;0,448273655000503;-0,501418218247322;-1,72514389614513;-0,371070238829635;0,22374323628247;0,983203137899302;
-0,0976786348980197;0,132350701021489;1,20146133743092;0,089124070800673;1,27068436770664;-1,20283033778265;0,975766029866278;-1,1488225982055;-0,0912011817578882;-2,73756844659957;0,646034534576318;0,0167336737497045;-0,647090286698011;-0,25607809464602;-1,43222232385398;0,573416510748012;1,52402823402758;-0,0139188194470275;-0,583439961167219;0,340140465689701;0,0900938437470159;1,27421578678562;-0,719322521508794;-2,18342028097367;0,85080285933144;0,92082082855581;-1,56565995353477;-1,10532661511303;1,07346619261892;0,0180125357604159;-0,399535980679961;0,227362213653475;1,74616801109007;1,36942731792941;-0,0792005764699305;0,164324707972448;-0,607482328296848;0,598631554179212;2,70224189379716;-0,217399737562583;0,548425553562574;-0,653067280863385;-1,0918256870949;-0,361810498015329;0,135459482129202;-1,21502437016928;0,176961954480879;-0,489405013304321;-0,0717566217309606;-1,62234967696822;-1,64274789422417;1,30488931931447;0,354423453923238;-0,0970850182672602;0,393552207191176;-0,515414461647366;-2,11215506370475;0,371067502328917;-0,556927942317551;1,80235785536503;-1,22038979971715;0,000650010708640417;1,15531192477115;0,316612594142163;-1,35571500571621;1,11828157354949;0,33465103830481;-0,0507744746785482;0,30018036194446;-0,638672403701072;0,475524356801193;0,616609480503061;
-1,15796477969482;0,0718109710684706;1,12409332436923;0,552043947155071;0,0212939424334481;1,11125335846042;-1,57017714617642;-0,396069981067423;-1,12848510966505;0,821714377306725;-1,73968277311038;-0,358249192634236;-2,41974458915605;2,00668387664883;0,509527025580424;1,41916610360523;2,49115918733407;-0,994782106630549;0,244154802484431;0,51022737840809;-1,57077846757753;-0,510711110943176;2,23873886862043;0,807864288081942;-0,835185586259257;1,08101720155191;-2,33779310505592;-0,316598818375956;-0,798919296528489;-1,087249693424;2,94076443949942;0,750029421455935;0,119737029797218;0,802262933418796;-0,343944865004455;0,611726247173513;0,135185959920877;0,22033318116724;-0,237351358684612;-0,662913962045371;-0,100884487754645;-0,198576216656374;2,16911037222108;1,29198141736449;-2,71024698153444;-1,72894199719792;3,81643354089685;0,512337857909835;0,243631260943062;0,266453848128888;-0,180721369341814;0,598697053958828;0,952791815569033;-0,333039355372405;-0,54111585150829;-1,77228669747393;-3,01342951362941;0,461040453661806;-1,58492250574182;0,269806037033867;-0,0608343167909736;-2,25685284342063;0,100508179447725;-2,23911644337786;-0,56585859651495;1,37129163769942;-0,820509567679564;0,553325956657948;-1,09660391785028;-1,35136488396965;0,17029031571953;1,08138313174321;
0,241633957252644;0,688475465272546;0,714305171016549;0,599318877999158;-0,751639410376731;-0,286283307455508;0,182031394071135;0,829591607071581;-0,251097332019999;1,34005736977783;-0,860087921021684;2,89798437385201;3,05157553569729;-0,397478098683819;0,508651144419384;-0,863878187947264;-1,22985978800505;1,79314072590902;-0,793040521112285;-1,82025834280856;-0,0076078881895999;-0,495856496870111;-1,03425344873402;0,499344885918308;1,8450320062856;0,197746794746582;1,21744572030417;-0,319202093580094;-0,332117384134182;1,54668660955452;0,853181090671443;0,54329341525787;-0,547321525986494;-1,15112607321843;0,535099738961141;0,996426314278095;1,08105094120851;1,33625194580061;0,816509358110395;0,889686301396814;-1,1949863371409;0,466957583547138;0,11864094786633;0,419236336560234;-0,0741283167386583;0,456907969770168;0,0273919525064402;-0,598816227465343;1,94183783780124;0,127231809572594;0,604728836837455;-1,50001531933539;0,830933012211238;-1,98198552430347;-0,395184089836262;1,17046963750411;0,0515061013355383;0,30984196291021;0,575593443838277;1,04901871586613;0,88009837418206;0,320265449686974;1,16073591856102;0,622169022907102;0,61873698022407;0,755739833122937;-0,982616407665836;0,118775890414046;-0,238743201989448;0,370586768213333;-0,446129754485547;0,667851867536893;
0,104306021762401;-0,537348730888349;0,983590481574099;-1,14672926739249;0,71603437095268;-0,0717368822940262;-0,451955280730989;1,49025513404177;-1,02511013689731;0,16610909019248;1,54026387856774;0,482658026933395;2,40929123501463;0,0732846468068757;0,764243081943797;1,34801352731261;-0,671186065318694;-0,521923445626627;2,48857195418728;-2,713484522778;-0,0667609233191655;0,971478398555415;0,733317385303145;0,0836871267927113;0,216669915990701;0,276236255064462;-0,440448785224981;-0,0363064896726949;0,289523579251739;0,28133379701469;0,937840849339188;-0,447406281496881;-0,277092922555658;0,074087316578124;0,586417988835847;1,44216876028258;0,651968587908668;-1,39948579937425;-0,539946207104816;-0,576329166323484;0,0105235058040549;0,761265931400121;1,49175878216325;-0,523251205964398;0,885048663629371;-0,0356710824424148;-0,0951057899808474;-0,780101795752443;-1,00108104866508;-1,40063724296297;-0,109126600543327;0,494604058394332;-0,468621712319671;-1,50509881807742;1,34110965609557;-1,88741546639826;-0,68203420765932;-1,69593430868598;-1,03135317172944;-1,43477919651935;1,18129341708144;-0,415497411861158;0,322682938922084;-0,955344405091237;-0,964801254276454;0,0682620230422727;-0,975868024759888;0,357089765358002;0,566598412089529;-2,92376336000066;-2,07948059380409;0,401684415311624;
-0,195719488822258;0,840218768099689;-0,131130232024749;-0,694916926317033;-0,0175067941665411;-1,32714769282203;0,0642358869170703;-0,725161243298509;0,0177520081958494;-1,8152920313904;0,25543428850021;-1,68297162179144;-0,464526149187993;0,168964384007357;0,0455379560646356;-0,660514592306982;0,477326014640146;0,468391271573714;0,173507249089813;-0,39657383372036;-1,27591529986438;0,783115571492229;1,10411240393843;-1,70620394517484;0,366349963836306;-0,0434607567453791;-0,604794056709748;0,227496302154979;-1,60304685858266;-0,0132818895550225;1,9544638070824;0,602248680960732;-0,0893303571627059;-0,442230577110693;0,200032578129791;0,216354376770241;0,401907586187224;0,809298271630108;0,682760020298302;-0,395336571493254;0,0526786950350088;-1,8285013455374;0,704121274675185;-1,39386525102388;0,0483673289054377;-0,0903082597648535;-1,82348081306008;1,08286948950134;2,34558487752465;-1,61393159324544;-0,18396739254154;-1,41013930676052;0,233130395712192;0,176562979014322;-0,0356547627394726;1,06141657279192;-0,877894333638636;1,18533988695005;-0,506792006143517;-1,19085210605254;0,834698573554311;0,122597280368125;0,434881662563558;-1,15667502507326;0,0787542666397719;1,30910050873738;-0,412201098859959;0,22394668572955;0,610298889196366;0,553572437176777;1,63026562847036;2,31645802464795;
0,33890897793816;0,544771504390858;0,698234360456177;1,1258665542203;-0,227278547029596;-0,29584262131909;0,261545273916154;-0,275831679663731;0,556731971313349;-1,63191218414082;-0,545198930432408;-1,34665548351908;1,48591154562546;-1,23943606811863;1,0174943553196;-0,95840619843793;0,942019612127321;-0,41103970843011;0,913474642917478;-0,589518191444689;-0,240367831993688;0,848290592756846;0,36882462227182;0,494274629260046;-0,278619957065824;0,106166246272561;1,36466220778835;0,587217832653427;0,149865865470716;0,589444459973973;0,0751998449376153;-0,425016054632967;-2,15857175363234;-1,01103830211453;0,920450458299681;0,138151022694463;-1,24116287716998;-0,32709331807433;-0,859698642049736;0,926996942421319;-0,61863989109103;1,55897196143403;0,327379110010597;0,096287900622995;-0,976373144145979;0,923073039267859;-1,02826491842983;0,414783302742825;-1,79895761361863;1,68093099858885;0,066383650761856;2,1121165878536;0,123736555243817;-0,137986438380405;0,996475326046338;-0,301205814954499;0,251842438502385;0,271503650745609;-1,75008055416255;-1,6074236732308;1,78834741322518;-2,39350550514249;-1,35876686151391;0,32743293294241;2,31852705165132;0,593892613330147;0,73925993290954;-1,24580631329483;-0,0265188477545558;-0,422596057603549;0,922307373912086;1,29970935379432;
0,643053403075335;1,98941276217104;-0,339679442709642;1,47688318261097;-0,402934269193333;-1,77130387547683;0,814388787355498;-1,68330545248492;-0,150589253779059;1,13336279871469;0,00351166722060641;0,795395838476213;0,970450123310953;1,68736753670625;-0,784931828951798;-1,33516044688004;-0,800571136010619;-0,244759685755148;-0,479975962617724;0,116263882116788;2,32428542512282;0,405791454307425;-1,9018254768097;0,378303483534552;-0,535775163493348;0,377643158069272;0,707922520712405;1,01465498643458;-0,111470519712191;1,81880057869639;0,738869061034879;1,69045410310222;1,08777668795515;-2,89286255134564;1,02721176116516;0,488626327782592;0,219139379152575;0,598576019435362;0,425703825952784;0,338512799144237;-1,82699794962131;1,30554755953461;0,488879371333743;-0,880258632920975;-1,63376874343798;-0,11982150656701;-0,616609640980739;-0,312899358467988;1,38274622341553;-0,921238704053817;-0,466285888309757;1,71099317202979;1,42952457108534;-0,896494609316034;0,307194632228177;-1,26290578094377;-3,09235801854628;-0,128893822501916;-0,000136420668548176;0,377442466553333;1,19561709028454;-1,10373719718847;-0,873404274113261;0,555402847799336;0,297868950950647;0,387817912460876;0,579436939497362;-0,429879164209988;0,0155957067987722;0,249727267744333;-0,657976874663567;0,0856492250290281;
1,13312317916209;-0,174128132844645;0,505457377760916;0,229416337100238;0,797410627855147;0,685643295736742;2,20241772464478;0,0587994441298852;1,26251893288823;-0,889757278694759;-0,254800103542018;-0,90511757324049;0,970167276031336;-0,19807698021335;0,303434721432527;0,429004073932723;-0,0137509292532647;1,08296706677992;-0,338698063548652;-0,343205067524987;0,235119102945789;0,00314380521041493;1,30717763361276;0,0542387808255358;0,705455890895507;-0,0552524544174128;-0,787893585840753;1,44712174971195;0,0804131219789077;0,71159979560628;-0,959639520375058;1,75980531095678;1,02586532997072;-0,498808416100236;-0,841030777023108;-1,61706520334299;0,452781599520789;0,630484142702297;-0,635075201885739;-0,934656342154273;0,0456467405721084;-0,889677184512672;1,19935950480449;-1,29791207623186;1,71308769422517;-0,688734417507882;0,206341774208314;2,03228749402795;-1,08358815877058;-0,748692986136403;-0,297802938904185;0,609128576579333;-0,332010238882322;-0,405033171127114;-0,461963898914886;1,06251495065664;-0,355676642425627;-0,443972547455149;0,103356220831943;0,421684558004506;-0,200138543287763;0,318460273890844;1,47771838113481;0,0451029168231507;0,0158581100980526;-1,03276490068562;-0,926016833110117;-0,0848424366602978;0,681780671540902;-0,148691834497059;0,0657400432453552;0,992664922055366;
0,800654974065602;0,172615930423319;0,25642528726356;-1,50240670747909;0,820121518463336;0,144696205476518;0,868128838072331;-0,0292144489352417;1,75752017411993;-0,403781714203393;-0,342788472566211;-0,96857316684952;0,294889169341663;-0,98363295213718;1,07267211131916;0,0713131066167308;1,2428353125127;0,438559748404362;-0,598604951002647;-0,954728684376835;1,2526857441576;0,0513855872914254;-0,385257467012722;1,17411034964673;0,724304492903319;1,34355692768092;-0,589449030316048;0,887156620345743;-1,01362468756468;-1,8730618786556;-0,515691259990755;-0,260734973956383;0,25620950499189;0,0636052343756607;-0,633462997642222;-0,122995907907107;0,375471951562567;0,462215594481186;0,461043580332957;0,439548589150304;-0,116617779992582;0,704692916883064;0,336008187483723;0,416501803469858;-0,662471367322184;0,570582917812312;-0,646222330253645;0,094900227112738;-2,01670510732285;2,55904810418208;-0,0590466616788007;0,111771953685234;-0,718499665023807;0,0293336687545531;0,0594383412944116;0,438800639293994;0,22953787152559;-0,393733848623245;1,1614254216814;0,420132608657581;-1,08527610277596;-0,145807737347855;-1,12257333034856;-0,34363083132631;1,2848330715693;0,341456053203773;-1,97558514404285;-1,28874800937535;-1,687578043172;-0,379324588091206;0,161092738632203;-0,469397695515703;
0,501154521608872;-0,559395307927791;0,770758276755988;-0,152231935425578;0,00907018902582352;0,846444959020533;-1,8863810131888;0,427117103176095;-0,25102268109189;1,3867630229292;0,860247356478186;-1,16516396994054;-0,166939495744199;-0,888196285747009;0,618602904121054;1,69320043488014;0,36637774748939;0,84995865623684;1,4091089794511;0,259893652754889;1,08363839928665;0,744797931926805;-1,6035346352836;0,093939732248848;0,717158319217636;2,37485494439398;-1,57088711399116;0,118316246277088;-0,34914992721481;1,01355726845627;1,36200375733638;1,26014817667731;-0,122630225255981;0,266133627518983;-2,00751444172639;-0,34992285227897;0,453254785081187;2,06817279593823;0,586725504524758;0,555855945435078;1,84296612832596;0,534796708979324;-1,81461082108247;2,06106665933313;-0,591802138428586;-0,831049646978518;-0,0188389980204067;-0,502264219052445;0,145373343878674;-0,930123865028482;-1,0878777524669;-0,875319078367051;0,420603167972882;-1,20537388341717;-1,08915459321113;0,678604389608061;0,0845965274927434;2,06025135807698;-1,3304006019269;1,50489007220305;0,253906237155106;-0,265370942327201;1,46466833157878;0,426780506755334;0,856550617893887;-0,230547936632249;1,66926778516881;0,477500736603648;0,512338062365206;-0,442117298878402;0,930722265746265;0,0642810694804682;
1,43592321839701;0,628798323150391;0,393969398206645;-0,738079594116422;0,0735154173832274;-0,0082730637204763;-0,559368876172323;0,330805785435736;0,509954818373563;2,43897299878068;0,430378129564379;-1,41032234545134;-0,437383725229872;0,140248070890342;0,232849405006881;0,148245669382182;1,21548435613571;-0,603703574419439;-0,607568950509415;0,235577997581363;1,20640272726233;1,10705534096391;0,0600011578949145;0,415146000670144;0,164293063792158;1,86943286405465;0,0227259071372565;-0,418001274587626;0,348874513009728;-1,36345528516206;-2,18559296302028;0,203313671386939;1,10680018319723;0,202028773507769;-1,05263306318682;0,431626432568291;-1,85937711582451;0,226384859673712;1,33360241985463;-0,763890266393244;1,96474561020002;0,985525224107059;-1,27812977258053;-0,867403896335481;0,761232964069669;2,10501495667237;1,84640887689615;-2,00115172725961;-1,33348713941859;-0,258786230329746;0,333962195199538;-0,523300270748354;0,997573982709352;-0,447248646714104;0,791311521459752;-0,408226255331774;-0,675299939239162;-0,97963951875345;-2,13421462450363;0,0053043680276684;-0,174952670155877;0,407070340326575;-0,465251487880313;-0,428681788440466;0,338031939738339;-1,98662793879962;-1,24892121783927;0,0239599214825379;0,158505756545715;0,460937108539393;0,889983156006046;2,27737094049427;
-0,133938402346003;-0,361545346465622;0,722185439999462;-0,444449651202508;0,515852197070447;1,13462227554585;0,889761385343143;0,115974930804967;1,60455198132184;-0,371610051303834;-1,75520852814215;-0,633527941947734;-0,567990572811164;1,10353324405422;-0,367897540941989;0,329618569587046;-0,691352951631559;1,45059718788877;2,30160489221874;1,51478856023425;-0,414504730110688;-0,500237953211485;-1,30935139596856;0,571351791240719;1,04333590014368;0,424604509947989;0,396781447868514;0,826198791016346;1,42209579952848;0,013124398138136;-0,83340378372909;-0,79466236643732;1,22307197074596;-0,400146071773955;-1,77276103623168;0,197527857204432;-0,269299905483702;-1,4012351079366;0,86584201389495;-0,768199675512065;-0,624272698151327;0,146799125981005;-0,117622571225994;-0,00985236622304676;1,16030976528507;-0,578597403049534;1,53854194915274;-0,158321843413771;0,41482165733979;0,768225438790506;0,558130506194532;-0,143223657289587;-2,18112560408018;-1,46917892931249;0,58813100631453;1,03332813395722;1,02889507533691;-1,39795434931998;0,818099782130404;-0,667181421019905;-1,26437624980732;-1,31809628480124;-0,355705494171867;-0,652592813099923;0,668335307861096;0,605761424054411;0,48820434808499;-1,41775905672736;0,879091586751604;0,829065090031853;1,22984572524131;0,298848868613261;
-0,541948759716518;0,706622494843924;0,30404715225755;-0,702807017396328;-0,794983447232715;-0,113325620741472;2,12549496275858;0,476027036865578;0,148014592929936;-1,29480534065206;0,503851256235837;-0,382720558388829;-0,186226344773549;1,56220166805564;-0,439018376817572;0,822873340693005;0,705991812650113;1,88301980331173;-0,294729921302717;0,485964906650059;1,53641922956876;0,365832958195702;1,19956644911338;0,870208354328043;0,183203229537612;-2,64245994475781;-0,316439057026905;-1,27643302771461;-1,53484377316139;1,62981202450754;-1,9694456235701;0,0793151550860804;-1,88808621245705;0,0174777771114273;-0,463602637219134;-0,0832372587620964;0,416332480076932;0,85840718554179;1,07401617960345;-0,750502312228358;0,525751706630332;-0,897928871104231;-0,887432226902589;1,65718057456458;0,972997427498883;0,275607637110348;-0,559792416542148;-0,671011499455991;-0,835488720448099;-0,159165924239453;-0,505396295098551;0,426161443110714;0,018973643966127;-1,59373423167526;0,738123739029361;-0,483343373351424;1,4922991496072;1,04861233561886;-0,916679218430416;0,274574769468699;-0,93436808697367;0,0572095632418798;0,162177367891418;0,569795872597369;0,0838716736585877;-0,614996034049219;0,89947975295409;-0,159703039850522;-0,0029390300038015;1,05427342179325;0,549772109439114;-0,0961221906453358;
-0,201420449493094;0,00137621163725239;-0,457891793739763;-0,861312115483961;0,526024601286507;-1,65211773852179;-1,4866995161423;0,149290904093735;1,27024423259366;0,569253776118757;-0,313987418967568;-0,145287216134921;-0,618538492334777;-0,239709324290494;0,963584555146893;0,721720131436726;-0,577720849078862;-2,20952594842648;0,881931516185793;0,311016561341359;0,999004508899623;-0,157281396642527;-1,29405921826594;1,31051673992828;2,29938917282006;0,731324171173023;-0,271792531687167;0,820519021755714;-0,022022409498549;-1,22175539750609;-2,59243355235412;-0,0216294122444175;0,465623116595346;0,472791411866575;-0,48571816973505;1,12419948595302;-1,24591806839453;0,329104849448795;-0,0653072271471328;-0,183088666497043;-0,99373162951404;0,952680972228637;-1,13060606466559;1,28824942754028;-0,786533014096334;0,0466947306752376;0,193003143070768;-2,48246282664514;-1,02807903580794;-0,246312424040134;0,985227671316381;0,485930730885825;-0,11732715981898;-0,411278340436364;0,645944928268932;-1,11947050245073;2,44962326726104;0,988943833022423;-1,39743187447384;-1,24597347530457;-0,828853274226762;0,705983631950698;0,369986496755159;1,24267274271831;0,0666782748894544;0,368799751233786;-0,169771086874567;0,539116900952051;1,46282827344926;-0,0324696947544221;-0,077616602246026;0,663911170835946;
-1,13278602082783;-1,06607077330393;-0,483842798649346;-0,269622481125256;-1,72794149843881;1,14031353280567;1,11639617167;-1,67879880626942;0,352062717459241;-1,80673555010003;0,646008813127878;0,195204528084757;-0,174130772976669;1,25425099994751;0,72080043982262;0,441064452359478;1,63603456554154;-0,143514242833548;-0,722465281402631;0,313984044139828;0,963866866775233;1,60061687112825;0,0362039103935849;-0,397267048644539;-0,424190254592892;0,292036689713723;-1,24582678953675;1,53736231692566;0,398514723298264;-1,33862553371558;1,22312593691958;-1,24348545887732;2,80513853669777;0,966906128469662;-1,12473902242323;-1,34662953470034;0,2677591903051;-0,258920864717866;-0,428509440713367;-0,539462040993203;-0,605910418880891;1,6294117467513;0,610496244242718;-0,357170631017553;-1,60287925006989;0,60605592677649;-1,17461465357117;0,814024686731148;-0,0239561803805284;0,303908662427721;-1,15195728266517;1,42881934561455;0,631638076504357;1,10703275254734;0,941156654027033;1,30335753073899;2,6130596484905;-0,60072116580913;2,0792927394691;-2,19780536222306;-0,27996867523209;-0,185770811480375;-0,096979638690224;1,68182300544047;0,36512846498266;1,88793043912472;-0,709651705705301;1,03561349299006;0,417055212903305;-0,410407755198089;-0,276397764540375;0,657646693185966;
-0,85897767337493;1,11983447057143;-0,409704131425212;-2,01554783724592;-0,245938845368877;-2,01381536665272;-0,304940603653192;-1,38142396304321;0,443517075300884;0,572283853230812;-0,987138338217241;0,601189750099185;-0,444455503820148;0,213870823230014;0,285967575317523;-0,666810039044558;-1,20039612062358;2,98089306477857;0,465596461624051;-0,75393018993147;0,29786574490293;-0,239878169875759;-0,570446407590426;0,980751365074669;-0,720873108790966;-0,798378831910027;-0,518828327079114;-2,16739399091413;0,0555892526781833;1,40841024320258;0,859884938523995;0,504826447483878;0,709272942079682;0,80228274748599;0,587226465810192;-0,46141589744378;0,501225257520781;-1,17884632127706;-2,22897578258848;0,0901144762024546;1,46333252573007;-1,41026124871731;0,353602316226378;-0,134803650636264;0,393366581297677;-1,6038215053278;0,601847203286779;-1,18348517364661;-1,52467627395034;-1,2461206113725;1,29950750620913;-0,0671510755182554;-0,189071592943996;-0,502189320914112;1,32131784664201;1,06098755298422;0,585202154878803;-0,000249535629053108;0,675973670900882;-1,55125916138714;-0,982803029662574;1,00264266016679;0,287492896999256;-2,54255403755666;-0,434051535412322;1,28334432197697;-0,867484963423967;0,701171455127569;-0,770367671822101;-0,396505286838817;1,75351705657327;-0,135527102802722;
0,189593452358948;1,42759625689491;1,30140491804135;-1,08429645395706;0,227923199410539;1,16565555711191;0,543414444148752;-0,82071214858525;0,481746963106616;-0,254666279776601;0,49008484599266;0,534847052011633;-1,00473012857241;-1,07476659850684;0,897204759005534;0,386724646033716;-0,894548396182184;-0,906352084806469;-1,30538542983476;0,764511214034173;-0,175442564504344;0,63186328140108;0,850642591380057;0,968358483153364;-0,416672867143132;-0,741265019082344;0,17320237942865;-0,475696280885252;-0,412120971146558;0,0221827873330813;0,209065413571269;1,3759128047273;0,184442256173748;0,464360189037924;-0,865138932013993;0,692077678673937;-0,241277428937973;1,22618841395038;0,247161038899068;0,699331183486896;-0,00301555023033664;-0,478544786027292;-0,193044078915244;0,615296272469475;-0,496332789902276;0,976352236526027;-0,345054799438742;1,25290776708553;0,131578261329658;0,536801950406144;0,820034799756368;0,0739385747298803;-1,78098948062944;-1,87985308908277;1,75669417908621;-0,143669886779066;-1,17847314927398;-0,291085606776645;-0,881732560856131;0,126282250749989;-0,0477543663434675;-0,324148249634613;-1,11928317557205;-0,588395256878325;0,8309677937077;0,795264860981086;-1,49531516594456;0,978139580142172;1,08909392595522;-0,999213506360156;0,84833246276718;-0,165777287718664;
0,203514506340328;0,317834359652037;0,209853848107934;0,842819510175249;-0,918733183753455;1,04413510121328;-0,262114600126734;-0,537675260634413;1,72350669715877;0,851954049133363;-0,829980892127442;0,15214872575467;-0,637965400565487;-0,200178414249312;1,35508208930873;1,56395161538747;0,474153016101124;-0,135722670007156;0,740272929152801;-2,01979562254264;-0,924990107686398;-0,836866079688344;1,89977906257441;0,500777452439432;-2,53660018386249;1,1810302895458;-0,949769133433904;-0,0117084698000623;0,165855311089744;-1,80938461620486;0,0303850755497065;0,190964878237126;0,869327207043588;0,880906511845028;1,4665217303572;-0,402591222552046;-1,63774203955097;0,946896088419324;0,484812772954066;-1,19922703385435;1,73398634592178;-0,332226994087525;-0,394154113298837;-0,59566680493573;-1,62559008279847;1,65924476729378;1,58895828984022;-0,0467889288359256;0,240902076366412;-0,0122656015847717;-0,711035257564147;-1,53619681090594;-0,693751330588348;-2,2412289802502;-1,18181682673882;-0,946328337556712;1,81489121236995;0,362917010537273;0,611698504888836;-1,07504551967755;-0,284360407899113;0,112953656320366;-0,265559475489065;-0,665309545894972;0,219467806344446;0,835150193482608;1,99424879031697;0,287459651353363;-1,54296830885786;1,10077996074917;0,42990817971333;-0,861739129426449;
-0,931835826974178;1,12154456595501;-0,0813379776890654;0,497976038268029;1,13131386624948;-0,707325954825497;-0,939461005261197;0,136197807043018;0,334675224523526;0,480071831604534;0,944101036538158;-0,942469470420366;0,340095367206435;-1,67136295295651;0,491441681533738;0,45287615682866;0,968526976621184;1,96680458306863;-0,151204071264721;0,635476945585983;-1,91381909857192;-0,468453405097645;-0,588660139413116;0,106914377412137;0,544912345407348;-1,18217230883647;1,01695209237896;1,32354278950148;2,7912567078711;1,64717727546818;1,52944926645711;1,03606133057857;0,801230317729539;1,8739532315879;-0,837103156650836;0,229864706394298;0,604559649010933;0,84384107772755;-1,72070788137343;1,88769604589538;-1,22076618070141;-2,1341198634143;0,391534770157245;0,309356726125779;-0,958204110086186;1,59854894945788;1,3934206815214;-1,88826227798927;-1,19126219994411;1,2199049866273;-0,315708426770501;0,15567847300398;-0,697021166440568;0,00273033411350479;-0,960818594791828;0,30727099276754;-1,71671337236177;-0,395895584565436;-1,83507051400284;0,986801539831447;0,371605612657496;-1,45259604667307;-1,17543863894269;0,237773516555217;1,6858251520119;-1,00626081105728;-1,33647311407372;-0,249945058977374;0,170478201489736;-0,06496490453386;-1,03922062294366;0,503291600602704;
0,0259440610010911;-0,575561877376063;-0,236061971039244;0,247980528351235;1,34166109589131;0,375576788238859;1,43387332066059;-0,248531433051353;0,239205822340804;0,337684774843846;0,615486821006189;0,362778895742239;-0,179967319638381;0,414714016918527;1,43799308656926;-0,615881460569655;1,24576505743378;0,683254294418358;0,0365390315340871;-0,423299771554453;-1,06593778792532;-0,0504307599970933;0,970530792210591;-0,883278019182521;0,170937924396244;-0,849335034347243;-2,03059508887583;-0,952626565509297;-2,07340978908985;-0,981778451679167;-0,359149540623658;-0,294710826530064;0,658912716479073;1,45863641797811;1,13167082715897;0,10556233228046;0,409659637242486;-0,00987674697030392;-0,983463649229441;-0,51600067579179;-0,131860519156111;0,863849072457356;-1,4897209236938;-0,381185985871473;0,29145984423914;-1,63961895542521;0,195005123253552;-0,167093508699308;1,07094241284724;-0,373822179927142;-0,217014761432946;0,964329156502247;-2,38162825173796;0,437198347036763;0,949660069355635;0,993060603317533;0,0613735516889892;-0,664493818789784;-0,0715349510332573;-0,787662445576468;-0,5816490252852;0,581589011033454;2,31102539671344;0,610901188198001;-0,781284547860197;-1,19668193563315;1,10412778721657;-0,811203253302146;-0,391609966261973;-0,584525681103928;0,0665191012321945;1,30061609964436;
0,48771645632826;-0,732269721671582;0,113439587358756;-0,722577174416581;-0,971532166849654;-1,28399493791665;-2,01560656947764;-2,20670172610345;0,133036700981691;-0,371756875217564;-0,375205277133349;0,85734701714445;0,560986077374518;1,99756754407546;0,64080622046105;0,600324041290045;0,938467159095901;-0,0397769035888251;-0,0871703278412151;2,29376295289858;-0,419846853904124;-1,6780240948919;-0,182290673288585;-0,123183689515809;0,836990688400351;0,977212082644241;-0,95883010628668;-1,37922235149045;0,375800525384043;1,84236731838395;-0,350010250862823;0,439984978189703;1,28679422091385;0,188089615389226;0,172465632980201;-0,438469650747851;-0,218353802173887;-0,111036898073206;-0,768221069254066;1,37213345518555;0,502917445756249;0,352991140331603;-0,157792903111168;0,192197358250406;0,745942513852911;-0,595210085345083;-1,37693485669089;-1,43123700239411;-1,79372335012845;-0,630931475902002;0,758445822127941;0,00908958481104544;-1,0024115051261;-0,39761347345965;0,561257647798551;-0,262022051589457;0,0459240427918232;-0,86973986675323;0,313833161421503;0,690120680120189;-0,0153369588472654;-1,43079989408007;-0,094474748193045;1,35237856749504;1,28973141892142;-0,616389241054744;-1,31758264379753;2,23733816320676;0,183436027126526;0,313922075576647;0,110292998512319;0,601992873333383;
1,25354542749461;1,55801975036619;1,00299938006428;-0,391679005265761;0,733788938646293;0,519728087920206;1,05136318688181;0,258178148878894;1,48076109796359;0,502812310162512;0,748550857285998;0,320203705334921;0,277646490355289;-0,453262407934786;1,07965616278048;0,312926042493573;0,035422906488149;0,579967020332862;-0,109540787890399;0,0496849636883962;-0,0395288446462074;0,974565610143447;-0,498194314954867;-0,912540672150563;0,398762503349322;0,509871289963886;0,179004340352402;-0,606740830711382;0,225013484676708;-1,08920372128924;1,10134154698571;-0,797948351308062;1,69032167489259;0,290701687541693;-0,647956313833065;0,707495381840255;0,133230639880846;-1,00538078983173;-0,575918655265428;-0,833540685678632;1,57104047103329;-0,488321466500649;-0,347876882950343;-1,19325574573388;0,352512719450474;-1,22245449831972;0,738800151404581;0,567178019318494;-0,807127046084891;-2,09598387493753;-0,404090295857958;-0,29008316084006;-0,0154575678186301;0,328710251711435;1,36804237185689;0,577990363743337;0,613175643880162;1,0462089877442;0,0659164692331195;-1,19368056785123;0,359962621080184;-0,521292658116195;-0,434583988535144;0,538691819149393;0,377151085305138;3,25145739589548;0,881289573767653;0,419578987025158;-1,06233272499803;-0,196249727413544;-0,282837829733554;0,640361878078806;
1,70962744984301;0,664723511862095;1,09925570121895;0,913505499932151;0,684102047571576;-0,152887226377026;1,54894116449385;-1,17351337114044;-0,574455665924235;1,20652847686022;-1,14954395684401;-0,86948459715109;1,08376548925169;-0,01200612752293;0,670306492465137;-1,26380332266811;-1,03556920014909;-0,273112700662997;-1,28462370236855;-0,985453490714511;-0,376502429571047;0,246081973464519;-0,344907777232662;1,64953581054593;1,17809136382052;-1,18041657198323;1,20699530482293;-0,267747031304738;-0,681421029883495;1,06785690972709;1,29634882104389;-0,724750869402707;0,0679249661818942;1,16461571317604;0,575357715137893;0,0228520931550402;-1,55912491787831;1,18897125035357;0,956383452570785;-0,577130493601851;0,327447605807118;0,471244744144364;-0,33540400902431;1,20203711453301;-0,504225649382487;-1,72985138525162;1,61527521912674;-0,270924853107351;1,60278537965096;0,192184411533969;-0,872223362490993;0,502251580342429;0,593021992739366;-1,40733383409557;-0,667684284632907;-0,0101829394091021;-0,190072371886158;-0,528045769128621;-0,70158376614196;-0,897460683438106;0,259624229144986;-1,04728490330966;-1,81164926694186;-0,255800033843986;-0,320021893930777;0,416254599495079;1,1744633816095;0,161407889304604;0,308102275538473;-1,32859498415734;-1,37512625348313;0,873883865946747;
-0,521123618974024;0,937295093303052;1,20756244993166;0,0116718317557417;1,16730656394173;-0,239851634236158;-1,25808688236654;0,23905630494125;0,464712422659449;-1,2748694764204;-0,151998637983438;0,65320164829073;-0,0523403220241544;1,83282344593974;-1,18973200522858;-0,163591711576343;0,919216588850109;-0,0181289151974444;-1,66993028536895;-0,0829073316421031;-0,939938004389251;0,0849560995318441;0,564724549127485;-0,0612588755475735;0,911812133298337;-1,24894975199945;-1,73128991281477;0,977595365402222;0,409200100899624;1,85797255945694;0,144350288976427;-2,18470521735696;-0,923093616602364;-0,564005805993284;0,339777377733567;-0,529630077841218;0,378837214493941;0,116967714113583;0,955169856268384;-0,326158061436024;0,258311963616886;0,660455958305239;-1,08458015452378;-0,740528543669188;-0,509425144531024;-2,29279889169004;0,442420465449357;-0,700618897441147;1,09437255476545;-0,662392625350894;-0,187657261655919;1,588761261256;-1,55894781624283;-3,10886271746091;-0,37173468552283;0,696627507569402;-0,40592910722589;0,661730231482177;-0,848660324622228;-1,49086000793134;2,09255354660714;1,93692323937874;0,570378070880941;1,99730953083683;-0,24390288519401;1,1862461972262;0,478804573612389;-0,245315421959763;-1,94030133522593;-0,0529088474794521;-0,157829325061375;0,9957883629231;
-0,520222641811014;-0,397597669491883;-1,88193251119823;-0,178792055642443;-0,186698145801135;0,076195088782719;-0,428647571490833;0,652293734189459;-0,942239193430422;1,82620973571644;-0,347526252400902;-0,897722978076283;1,05377300183091;0,747157704511677;-0,703859907697131;0,196758029984872;-0,569300414602441;-0,417882166910794;2,1234226724598;0,191887918603239;-0,241913849492195;0,884929350837226;1,003368507358;1,83971528939908;-0,56554755663947;0,162746255279262;0,274627537553727;1,35986646226577;1,13576548312589;-1,03176417141182;-0,299926421859294;0,12469178363778;0,142997319470761;-0,305186517979594;1,14402793075803;0,181574956654455;0,656084374938934;1,70322294363634;0,568307420234186;2,08388289727936;-1,62155575111246;0,0659260099723962;-0,770514360849814;1,45992758396289;0,0524385875869326;-1,22783602317051;0,283192643019688;0,218037317063916;0,0901158159748852;0,721532548983074;0,329203712186626;-0,48325049103621;0,0456597445553069;-0,998529894525395;-0,544380679091571;-2,02637955140951;1,07710119577029;-0,935930222372711;-0,0627756561921456;-0,370454888020473;-0,819126757833223;-0,0906499061681542;-0,108726218695854;0,180543759517869;0,689691708598541;1,0608651010475;0,127352900527742;0,393315762369478;-1,1129627665046;1,26602521446491;-0,0190310897542914;-1,79387425184443;
-0,0353170454246388;1,31087927169447;-0,0196698380288766;-1,63176767107747;0,594157386434222;0,0472253910652461;0,547159942340138;0,00959128011833564;-0,219807408188211;0,0221394461310665;-0,893624935292364;0,807773264282039;0,263814470038342;0,715133296934614;1,07731462805396;-0,716873706074177;-0,610504615521241;0,363439597570849;-1,79131485551099;1,99323417617037;-0,404721928834442;-0,677419810488287;1,93176672287199;-0,295791476637745;0,101126246384008;-0,706870824369184;0,449056057432551;0,132391592641058;0,317457086563968;0,590138042987602;0,385894271899048;1,66229217089165;0,664616209623081;1,23357463249235;1,02901141885428;-0,563350850003018;-1,3503787370412;-1,03430442354849;0,586011723161556;-1,61169210173497;-1,64159746867183;0,9777953348909;0,69259109639129;-1,72985284383996;-0,749783052857299;0,644323723578244;-0,810633335539633;-1,18549433509091;-0,211677731622559;0,501766282233563;1,43449648597836;-1,32002253815224;-0,828696381563687;-1,67581959097109;-0,357550433981143;-0,553037249255396;0,303791523640209;0,671104270419851;0,341586808487071;-0,141135742623889;0,126477150336091;-0,220083342857294;-0,988297473377441;-1,83942857023356;1,3471028260575;-0,0307104635976234;1,50443937472996;0,554414965913096;0,43051900602467;-1,21257563349226;0,0533798878306414;-0,626820733160164;
-0,490881770922537;0,650650988851307;0,868524154005707;0,0849353137777589;0,00913611763079983;-1,17821653237985;0,338870658089796;-0,456564316637444;-0,122132296733288;-0,826998597780232;0,862790112901121;-0,641713002158169;0,359789144099952;0,317151605368917;-0,874710259967424;0,458654885369868;-0,22461812316993;-1,50292794801449;-1,14124115031096;-0,46920407250282;-0,291708239136821;-0,210113383324831;0,229015378255946;-0,577835009763678;0,0839107378637164;1,51860908571087;2,24230636909463;-0,037037486481573;1,7346500800621;1,12255075905319;0,0297943704028519;0,607033469081775;-0,538055664781762;0,100031731892587;-0,357415121689024;-0,603834081684983;0,423800173522836;1,44060895423902;0,95835387297614;0,483710459819837;-1,06917434764473;1,67870568628165;0,929247085263791;0,693361877820043;-0,417589316768303;1,14549135491129;-0,764917534035481;-0,901089606953663;0,0480740746222789;0,870671723286711;1,55290560525856;-0,960803918615146;2,40809910655034;-1,43907453532125;-0,0036820401808499;-0,014668957286493;-1,19994995044934;-1,97550361618567;-0,991070088978586;-0,514643672775757;-0,381840161091689;-0,162111567575847;2,50813561648458;0,477122801634207;1,83011137169579;0,647435600236985;-0,799263483583349;-0,0367346942028988;0,426870336935116;0,976170720622942;-1,8106161670895;0,139476505410326;
0,00862324671535854;-0,451629958955067;-0,381738767548342;0,74935977589757;0,187940125953928;-0,415396994544936;0,396425835587096;-0,813129105481804;-2,55836702474914;-1,11290058981207;-0,971235724023259;-1,10478166600022;0,511687990903225;-0,927149493478727;0,801608434597721;-0,959519777547536;-0,131120482818289;-0,213515014304135;1,10289834422253;-0,278028722453736;0,76727157997937;1,27565276326802;0,815327122605797;1,56970890699703;0,643301730335494;-0,485128874872796;-1,64035446376747;-0,445978719262352;-0,657758426879345;-0,115184119935778;-2,21064935428831;-0,794296386277013;0,788044848821345;1,03699242937764;1,06756814410581;-1,28051124921336;-0,296197178736097;0,306614454804892;0,486139049564942;-0,843184182671056;0,177635154069477;1,9468511353827;-0,755381820769763;0,93736028773035;-0,202112633236524;0,0814728840299685;1,58097868948304;0,0904371342343834;0,920059000438417;0,407196653729842;-0,451123230126327;-0,523316792819778;-0,276574212226061;0,685194430166236;0,600258814157728;-1,04918398704452;0,0487621497347955;-1,13090075952244;0,124952107014735;-1,19981602755703;0,374916675785677;-0,550749644820701;-0,760792874509175;-0,633571293985976;-0,498675862415158;0,41132947885029;-1,1483129228086;0,23256957322627;0,464431889176129;-0,491548922947758;0,24635761267919;-0,800372125291579;
-0,80141106700506;-0,946557413868984;-0,758572051598152;1,19746973577014;-1,93707251552016;-0,0915324691656507;0,993760984315303;1,37212255635404;1,07377731645445;-0,338257709094976;-0,711805195975294;1,16983163396951;0,259317417596633;1,65632354569573;1,47435015971018;-0,403589137506315;-0,847873853860547;-0,0824857614502224;-0,99840713586257;-0,578592962925115;0,625060599272973;-1,31661477321516;1,52303709255575;1,22971779137995;0,870844832262045;-0,102798926739724;-2,13390178585698;-0,473462949925363;0,907217419941289;1,82394739099513;0,987732520956526;-0,118464593780907;-0,0661634260136053;-0,112782308553019;0,967324858764032;-0,577934466583722;1,51533150952101;1,1458372179766;-1,12957952927658;2,65639665451117;-0,0209054121666455;0,529341315749056;-1,00378241942111;-0,55637225570974;0,557999079474171;-0,627938406145061;-0,333796909944312;0,937516431446355;1,01150854003035;-0,387037283155061;-0,040459305965907;0,0952736096654257;-1,23590120777667;-0,575505479080231;-0,00210090827765563;1,08067125423874;-0,823298802935092;-0,391490504860351;-1,46560633135658;1,30446911653918;0,313919214836463;1,39649230111536;0,141967722520554;-1,5213531717518;-2,14441326152683;0,451345754936948;0,52826522554647;0,0290957658343251;-0,0938812943697295;-0,432243949079369;-1,06447590670563;1,37089079573086;
0,37110712990141;-0,275668563870981;-1,42121079875201;-2,12493820989842;0,0673832261444023;0,582316787604725;-1,13482674093916;0,336109050251216;-0,512681560218953;-0,305893280654365;0,865332067369744;-0,6858901515247;-2,30587940244412;-1,03541427910947;-0,570094689457632;-1,47492254047296;-0,53335835167966;-0,656789992855523;-1,03335221024184;0,929992151630838;0,264820213249151;-1,58392559035765;0,0339174022074166;1,12400829939716;-0,839019160576024;1,78743988274661;-2,47322088451806;-0,661580621683672;-0,0478846625582619;0,381249368438904;2,05521407763935;0,176056131770051;-0,913388563375721;0,334176508489592;0,120256919896956;-0,885635517306407;-0,163949266144379;-0,308409716886624;-0,0642629336765012;-0,604273241549946;0,124465131938096;1,55761913450698;-0,746759431482625;-0,263966684995474;-1,58602390042095;0,331892122344704;0,590564104349837;0,303687198586564;-0,903485750541939;-1,4932003776156;-0,568589517346243;-0,585766549395217;0,094173447806119;-0,102946117187566;0,10373201480269;-0,67443043957065;-0,770655169389947;-0,398686864805311;-1,6965036762564;0,00966208184539333;-2,47995237222676;-1,56342601406104;-0,939757381298169;0,987916962793777;1,36834006252469;0,320104845330566;0,537860254502541;-0,386024372178064;-0,181237082307749;1,31766215914107;1,91712985835161;0,249029816997614;
1,66357427369654;0,453125244745688;-1,41797485182324;1,50856966053396;-1,81144395718003;0,514832209740917;-1,11976454603574;0,947869551883098;0,176878288710745;-1,06414962691658;-0,640763827912302;-1,32038780991647;-1,15849596461231;-0,409502435718299;-0,691575825562929;-1,35140195973321;-0,00125686729741522;0,558857191835099;0,418707886970329;-1,1369665553629;2,70213027065811;0,0988354865639318;-0,471928981566586;1,26294839283353;-1,65772981059329;-1,58025587111304;1,99588845505697;0,262923362979787;0,0359322424030494;1,40848827524221;-0,226320427281871;-0,214640306948674;0,306652473442054;-0,246567474527982;0,294307147451464;-0,921613204028744;-1,35207655541529;0,97975798550523;-0,478345295766623;-1,37895967602167;-0,00252237740378791;-0,898032851900387;-1,2653661137622;0,484765646425123;1,27008770960432;-1,35632838072711;-0,358681543196754;0,965920956085334;0,746134856234951;-1,8760822962071;-1,2766943087665;0,688904643939821;1,15240622291453;1,11212428848629;0,635767676287973;-0,623174855971046;-0,145687855252958;0,0830067719220423;-1,21069564551002;-1,96540031727514;-0,388058879744941;-1,34633769858649;-0,591297683567317;-0,319868654420342;2,16908748267431;0,617330792947181;0,113029752990907;-0,970358474881172;1,63319331406541;0,172363038770449;1,29294264428125;0,178375717278027;
-0,203581372157892;0,313549784695006;0,430574971842941;-0,000485965338749998;1,12586140094926;1,55814190888026;-0,554802244791864;1,41577981904359;-1,13473787499079;0,419000267668576;0,705751450682748;1,33783424419179;1,91961731512491;1,38039968601965;0,133354762592402;0,454474713725788;1,12741165592987;2,68436564062684;0,0285973973935288;-0,315693694203739;-0,886419308633712;0,676801598627833;1,24947295175064;-0,321770514399046;0,0864066641303606;-0,898159826008483;2,60188404838506;1,51456342918136;0,20231258128238;-1,04096152693482;-0,391938448103816;2,13213183110625;2,27388619260776;-0,123583703507941;0,13060230893668;0,308183452100073;0,147118528872297;1,52412369279126;-0,965323719881676;0,428433158159491;-0,627159831046452;-0,478020439328112;-0,947001069405978;1,83659823619977;-0,633936559983324;0,117666865743742;1,3242277841032;-3,02034915858014;-0,116516663609636;-0,539330791123055;1,57532069798453;-0,48342287780748;0,372856135449299;-0,763524687331318;1,87147916676811;-1,14320566553895;1,5769162502838;1,26620761345304;-0,0892388286812212;0,538856004708851;-1,47737220150323;-0,667411541004027;-0,915160590435303;-0,610338416237388;1,26840857865363;1,06677244717284;1,66486275211537;-0,0550347459303304;1,07056404926776;0,520829708357749;2,27864003663738;-0,167575686701331;
